PGC,OBJNAME,ID_NED,ID_NEDD,ID_IRAS,ID_2MASS,SDSS_PHOTID,SDSS_SPECID,RA,DEC,F_ASTROM,R1,R2,PA,RSOURCE,RFLAG,T,E_T,INCL,V,E_V,V_VIR,E_V_VIR,NDIST,EDIST,D,E_D,D_LO68,D_HI68,D_LO95,D_HI95,DMETHOD,UT,BT,VT,IT,E_UT,E_BT,E_VT,E_IT,AG,AI,S12,S25,S60,S100,Q12,Q25,Q60,Q100,WF1,WF2,WF3,WF4,E_WF1,E_WF2,E_WF3,E_WF4,WFPOINT,WFTREAT,J,H,K,E_J,E_H,E_K,FLAG_2MASS,U,G,R,I,Z,E_U,E_G,E_R,E_I,E_Z,logL_TIR,logL_FIR,logL_60u,logL_12u,logL_22u,logL_K,ML_RATIO,logSFR_TIR,logSFR_FIR,logSFR_60u,logSFR_12u,logSFR_22u,logSFR_HEC,FLAG_SFR_HEC,logM_HEC,logSFR_GSW,logM_GSW,MIN_SNR,METAL,FLAG_METAL,CLASS_SP,AGN_S17,AGN_HEC
2,UGC12889,UGC 12889,UGC 12889,,00000168+4716282,-,-,0.006945,47.274581,0,0.933,0.589,163.5,H,1,3.1,0.4,53.37,5016.7,6.4,5203.2,10.43,1,1,67.9204,12.5114,56.4937,81.6582,46.9894,98.1748,N,,14.241,,,,0.605,,,0.526,0.296,,,,,0,0,0,0,,,,,,,,,0,0,10.643,9.892,9.542,0.03,0.031,0.039,2,,,,,,,,,,,,,,,,11.1632,,,,,,,,,11.078,,,,,-1,-1,?,?
3,PGC000003,MCG -03-01-012,,F23574-1817,00000316-1800289,-,-,0.013125,-18.0082,1,0.33,0.33,0.0,H,2,4.9,2.3,67.08,8954.0,29.0,8843.6,32.26,0,0,124.2548,15.7349,109.4754,141.0294,96.454,160.0687,Z,,15.15,,,,0.5,,,0.105,0.61,0.3972,0.1855,0.264,0.7494,1,1,3,1,,,,,,,,,0,0,15.466,14.946,14.645,0.103,0.14,0.133,3,,,,,,,,,,,,,43.3868,,,9.6466,,,,0.322,,,0.425,F3,9.5614,,,,,-1,-1,?,?
4,PGC000004,KUG 2357+228,KUG 2357+228,,,1237679478544072744,-,0.014292,23.087596,1,0.428,0.095,63.2,H,1,5.0,1.2,84.68,4461.7,3.7,4546.9,11.92,2,1,53.9879,8.501,46.9063,63.152,42.5164,80.0394,N,,16.88,,,,0.433,,,0.395,1.068,,,,,0,0,0,0,13.256657,13.285035,11.664301,11.276231,0.00742,0.025905,0.324935,4.781138,0,0,,,,,,,0,17.861,16.388,15.87,15.619,15.433,0.036,0.006,0.005,0.007,0.016,,,,,,,0.782,,,,,,,,,,,,,-1,-1,?,?
5,IC5370,IC 5370,,,00000914+3244182,1237663234987458745,-,0.038121,32.73842,0,0.391,0.391,0.0,H,2,-0.6,1.2,26.59,10365.2,16.0,10493.7,18.93,0,0,146.2144,16.7162,130.4184,163.9236,116.3289,183.7777,Z,,14.759,,,,0.334,,,0.212,0.0,,,,,0,0,0,0,10.308943,10.292552,9.330194,8.24662,0.000366,0.001237,0.029803,0.249182,0,0,11.546,10.837,10.511,0.021,0.024,0.033,2,16.127,14.276,13.45,13.08,12.793,0.007,0.002,0.002,0.002,0.002,,,,42.5742,42.1202,11.4416,0.899,,,,0.233,-0.198,0.222,W3,11.3953,,,,,-1,-1,?,?
6,PGC000006,KUG 2357+156,,F23574+1535,00000214+1552539,1237656496724312079,844551136588359680,0.008763,15.88167,0,0.2,0.144,89.6,H,1,3.5,4.7,45.67,6003.3,2.6,6054.5,12.42,0,0,85.6908,12.9795,73.6465,99.7048,63.2951,116.0107,Z,16.575,15.546,,,0.016,0.346,,,0.214,0.223,0.1322,0.0949,0.3516,1.029,1,1,3,2,12.10069,12.002372,8.327887,7.335429,0.001817,0.00575,0.011515,0.10074,0,0,13.206,12.541,12.231,0.049,0.072,0.079,2,16.58,15.462,14.909,14.632,14.374,0.013,0.003,0.003,0.003,0.005,,,43.1885,42.511,42.0206,10.2895,0.794,,,0.124,0.177,-0.289,0.227,F3,10.1894,-0.239,9.94,21.2,8.7275,0,0,?,N
7,PGC000007,ARK 590,ARK 590,,00000442-0004599,1237657190905217071,1228395055081875456,0.018555,-0.083357,0,0.287,0.232,161.1,H,1,-3.2,2.2,44.77,7125.0,2.6,7098.8,13.76,1,1,95.9401,20.3237,77.6247,118.577,62.8058,146.555,N,17.007,15.626,,,0.073,0.316,,,0.145,0.0,,,,,0,0,0,0,11.545856,11.537526,11.033997,,0.001461,0.005139,0.194006,,0,0,12.844,12.2,11.721,0.055,0.075,0.088,2,17.119,15.293,14.506,14.144,13.827,0.015,0.003,0.002,0.002,0.004,,,,41.5267,,10.5916,0.883,,,,-0.698,,-0.71,W3,10.5376,-1.811,10.442,2.06,8.5968,0,2,?,Y
10,PGC000010,ARK 591,,,00000784-0002264,1237657190905217208,435776070554249216,0.032608,-0.040549,0,0.279,0.22,131.4,H,1,-0.9,2.6,42.67,7092.9,2.7,7066.9,13.77,0,0,102.2506,12.7674,90.2481,115.8492,79.6546,131.2564,Z,16.749,15.741,,,0.13,0.278,,,0.143,0.0,,,,,0,0,0,0,12.226629,12.185693,8.825584,7.808808,0.002311,0.00779,0.020259,0.176092,0,0,13.567,12.866,12.304,0.101,0.116,0.118,2,16.886,15.687,15.124,14.87,14.605,0.02,0.003,0.003,0.003,0.006,,,,42.4654,41.9847,10.4137,0.798,,,,0.137,-0.322,0.125,W3,10.3156,-0.183,10.007,12.1,8.6701,0,0,?,N
12,PGC000012,MCG -01-01-016,,,00000865-0622263,1237680265074049113,-,0.03595,-6.373924,0,0.713,0.156,168.2,H,1,1.3,1.0,90.0,6546.5,4.9,6490.0,14.68,0,0,93.8732,13.8164,81.0254,108.7581,69.9361,126.0033,Z,,14.79,,,,0.457,,,0.197,0.548,,,,,0,0,0,0,10.724401,10.678596,7.39874,5.894296,0.001058,0.003853,0.009198,0.046063,0,0,12.137,11.405,11.125,0.03,0.038,0.055,2,16.285,14.888,14.138,13.731,13.386,0.018,0.003,0.002,0.002,0.004,,,,42.9618,42.6763,10.8111,0.868,,,,0.578,0.311,0.566,W3,10.7498,,,,,-1,-1,?,?
13,PGC000013,CGCG 498-057,,,,1237663307990106124,-,0.055533,33.134184,1,0.281,0.223,95.0,H,1,,,38.13,5046.0,37.0,5176.1,38.34,0,0,71.316,9.9553,62.0243,81.9996,53.9433,94.2836,Z,,15.389,,,,0.41,,,0.198,,,,,,0,0,0,0,11.726439,,8.688672,7.053775,0.001195,,0.014802,0.077998,0,0,,,,,,,0,17.121,15.667,15.131,14.595,14.446,0.015,0.003,0.003,0.003,0.005,,,,42.2072,41.9738,,,,,,-0.093,-0.332,-0.105,W3,,,,,,-1,-1,?,?
14,UGC12890,UGC 12890,,,00000701+0816448,1237669681724784668,-,0.029208,8.279111,0,0.774,0.414,9.5,H,1,-4.9,0.4,90.0,11602.0,10.8,11616.4,16.81,0,0,160.5188,18.04,143.4557,179.6116,128.2063,200.9753,Z,,16.185,,,,0.399,,,0.258,0.0,,,,,0,0,0,0,11.885655,11.752738,10.507647,,0.001004,0.003315,0.073328,,0,0,11.687,10.907,10.625,0.038,0.04,0.051,2,16.077,14.09,13.131,12.657,12.322,0.017,0.002,0.002,0.002,0.003,,,,,,11.4771,,,,,,,,,11.3919,,,,,-1,-1,?,?
15,PGC000015,MCG -01-01-015,,,00000504-0512339,1237672793422495870,-,0.020967,-5.209408,0,0.33,0.33,0.0,H,2,5.0,2.1,0.0,11290.0,30.0,11239.1,33.02,0,0,155.771,15.9509,140.6096,172.5672,126.9239,191.1744,Z,,15.445,,,,0.356,,,0.135,0.0,,,,,0,0,0,0,11.509635,11.438745,8.514935,6.941885,0.002104,0.007142,0.022673,0.107275,0,0,13.015,12.494,11.976,0.061,0.094,0.107,2,16.915,15.123,14.336,14.005,13.73,0.022,0.003,0.002,0.002,0.005,,,,42.9553,42.6971,10.9106,0.883,,,,0.572,0.33,0.56,W3,10.8566,,,,,-1,-1,?,?
16,PGC000016,MCG -01-01-017,,,00001131-0509313,1237672840671461505,-,0.047101,-5.158769,0,0.463,0.225,38.5,H,1,-0.1,2.8,70.71,5666.6,7.4,5615.9,15.65,0,0,77.7692,11.2745,67.2738,89.9019,58.1948,103.9275,Z,,15.12,,,,0.367,,,0.136,0.101,,,,,0,0,0,0,11.270192,11.237465,8.30947,6.892659,0.001588,0.005593,0.01804,0.098618,0,0,12.371,11.729,11.532,0.039,0.046,0.068,2,16.315,14.946,14.255,13.893,13.607,0.011,0.003,0.002,0.002,0.004,,,,42.4341,42.1135,10.4848,0.846,,,,0.109,-0.204,0.097,W3,10.4119,,,,,-1,-1,?,?
17,PGC000017,UM 015,,,,1237678777404424294,-,0.043519,4.93125,0,0.116,0.048,36.0,S,1,,,,9106.2,119.9,9104.3,120.62,0,0,127.4681,15.8172,112.5928,144.3085,99.4535,163.3739,Z,,,,,,,,,0.15,,,,,,0,0,0,0,15.244918,15.190968,12.539835,9.043453,0.034033,0.11454,0.630507,0.569394,0,0,,,,,,,0,18.635,17.719,17.74,17.68,17.6,0.029,0.007,0.009,0.013,0.046,,,,,,,0.612,,,,,,,,,,,,,-1,-1,?,?
18,PGC000018,CGCG 548-023,,,00001295+4657543,-,-,0.053958,46.965083,0,0.473,0.343,23.5,H,1,2.0,2.0,46.1,5366.0,36.0,5551.3,36.94,0,0,76.708,11.0103,66.4514,88.5476,57.5662,102.2147,Z,,14.721,,,,0.41,,,0.518,0.177,,,,,0,0,0,0,,,,,,,,,0,0,11.633,10.938,10.734,0.028,0.033,0.047,2,,,,,,,,,,,,,,,,10.7921,,,,,,,,,10.7069,,,,,-1,-1,?,?
20,PGC000020,CGCG 382-016,,F23576+0050,00001278+0107123,1237657192515829920,435848363443775488,0.053253,1.120214,0,0.433,0.282,132.5,H,1,8.3,2.6,56.77,7386.2,9.3,7365.8,16.34,0,0,104.9918,13.1161,92.6619,118.9625,81.78,134.7921,Z,16.268,15.186,,,0.072,0.311,,,0.127,0.345,0.1145,0.1833,0.2967,1.01,1,1,3,2,11.427031,11.387016,7.602245,5.95021,0.002028,0.00645,0.010655,0.04493,0,0,12.424,11.869,11.545,0.052,0.079,0.096,2,16.413,15.03,14.41,14.079,13.848,0.013,0.003,0.002,0.002,0.005,,,43.2912,42.9777,42.7511,10.7403,0.819,,,0.227,0.592,0.379,0.33,F3,10.6535,0.203,10.46,4.05,8.7909,0,0,?,N
23,PGC000023,VIII Zw 494 NOTES01,,,00002149-0236433,1237672795032060075,-,0.089541,-2.612028,0,0.718,0.364,127.5,H,1,-2.8,1.2,90.0,11365.0,68.0,11326.4,69.36,0,0,156.8934,16.7298,141.0247,174.5477,126.761,194.1885,Z,,15.4,,,,0.5,,,0.166,0.0,,,,,0,0,0,0,10.388992,10.445175,10.061343,12.657873,0.001017,0.003783,0.149467,32.2392,0,0,11.648,10.858,10.95,0.031,0.033,0.062,2,16.518,14.514,13.642,13.21,12.902,0.02,0.002,0.002,0.002,0.004,,,,42.3429,,11.3272,0.918,,,,0.028,,0.016,W3,11.29,,,,,-1,-1,?,?
24,IC5371,IC 5371,,,00001476+3249552,1237663234987393277,-,0.0615,32.832,0,0.259,0.226,147.5,H,1,,,29.96,9956.0,69.0,10084.8,69.74,0,0,141.3373,15.0519,127.0591,157.2199,114.2234,174.8873,Z,,15.7,,,,0.41,,,0.211,,,,,,0,0,0,0,11.53536,11.387193,7.792272,6.280854,0.001342,0.003897,0.008049,0.0453,0,0,13.109,12.507,12.04,0.05,0.067,0.079,2,16.76,15.44,14.76,14.374,14.092,0.011,0.003,0.002,0.002,0.004,,,,43.1599,42.8771,10.8005,0.841,,,,0.754,0.494,0.742,W3,10.7255,,,,,-1,-1,?,?
25,PGC000025,UGC 12891,,,00001932+2259259,1237680298891804735,-,0.080574,22.990532,0,0.421,0.237,30.3,H,1,-3.0,2.0,78.33,11691.0,31.0,11775.6,33.01,0,0,162.425,19.4175,144.1232,183.0509,127.8837,206.296,Z,,15.037,,,,0.41,,,0.318,0.0,,,,,0,0,0,0,11.333741,11.319761,11.149646,9.03787,0.000877,0.003204,0.165217,0.526259,0,0,12.02,11.308,10.995,0.018,0.025,0.029,2,16.979,15.211,14.457,14.1,13.809,0.012,0.002,0.002,0.002,0.004,,,,41.9377,,11.3393,0.87,,,,-0.332,,-0.344,W3,11.2788,,,,,-1,-1,?,?
27,PGC000027,MCG -01-01-018,MCG -01-01-018,,00002348-0656103,1237680243061096453,-,0.097869,-6.936157,0,0.38,0.188,141.7,H,1,2.0,2.0,65.3,11298.9,25.1,11239.6,28.68,1,1,148.594,36.9521,115.878,190.546,90.3649,244.343,N,,16.195,,,,0.358,,,0.153,0.367,,,,,0,0,0,0,11.464801,11.430446,9.300008,8.05294,0.00122,0.004667,0.037898,0.26404,0,0,12.595,11.857,11.869,0.032,0.04,0.076,2,17.389,15.546,14.698,14.27,13.965,0.018,0.003,0.002,0.002,0.004,,,,42.6003,42.2117,10.9124,,,,,0.257,-0.115,0.245,W3,10.8272,,,,,-1,-1,?,?
28,PGC000028,KUG 2357+205,,,,1237679504855793834,-,0.092946,20.796612,1,0.231,0.18,1.0,H,1,4.8,3.0,39.73,6852.0,6.2,6926.3,13.15,0,0,100.52,12.5316,88.7381,113.8663,78.3371,128.9846,Z,,17.35,,,,0.5,,,0.264,0.184,,,,,0,0,0,0,13.49531,13.593948,10.018896,,0.008581,0.03265,0.068878,,0,0,,,,,,,0,17.653,16.581,16.127,15.846,15.701,0.035,0.006,0.006,0.006,0.02,,,,41.9732,,,0.759,,,,-0.301,,-0.313,W3,,,,,,-1,-1,?,?
29,PGC000029,CGCG 517-010,,,00002226+3436573,1237663235523543553,-,0.092749,34.615917,0,0.264,0.227,13.3,H,1,6.2,0.8,31.07,12687.3,4.5,12823.7,10.85,0,0,176.8862,17.4446,160.2742,195.2199,145.2223,215.4539,Z,,15.498,,,,0.41,,,0.353,0.116,,,,,0,0,0,0,12.08066,12.046481,8.382196,6.760592,0.002763,0.008513,0.014763,0.070778,0,0,14.015,13.207,12.836,0.097,0.111,0.14,2,17.336,15.926,15.278,14.903,14.623,0.022,0.004,0.003,0.003,0.008,,,,43.1188,42.8801,10.677,0.829,,,,0.717,0.497,0.706,W3,10.5956,,,,,-1,-1,?,?
30,ESO012-012,ESO 012- G 012,,F23577-8104,00002208-8047344,-,-,0.092,-80.792889,0,0.705,0.705,0.0,H,2,4.1,0.6,34.54,7907.4,5.5,7629.1,10.47,0,0,107.2163,13.9807,94.1088,122.1495,82.6036,139.1626,Z,,13.95,,,,0.2,,,0.412,0.13,0.0859,0.0936,0.6043,2.375,2,2,3,2,,,,,,,,,0,0,11.026,10.401,10.017,0.035,0.051,0.058,2,,,,,,,,,,,44.2726,43.8336,43.6184,,,11.3697,,0.863,0.73,0.554,,,0.863,FT,11.2845,,,,,-1,-1,?,?
31,PGC000031,FAIRALL 1061,,,00002363-4701076,-,-,0.098417,-47.018792,0,0.473,0.376,43.2,H,1,0.0,2.0,40.78,5991.4,71.9,5770.5,73.05,0,0,80.471,11.9981,69.3245,93.4097,59.722,108.4287,Z,,14.59,,,,0.367,,,0.037,0.043,,,,,0,0,0,0,,,,,,,,,0,0,11.457,10.827,10.467,0.036,0.037,0.052,2,,,,,,,,,,,,,,,,10.9405,,,,,,,,,10.8553,,,,,-1,-1,?,?
33,NGC7807,NGC 7807,,F23578-1907,00002656-1850308,-,-,0.110691,-18.841891,0,0.366,0.302,35.1,H,1,2.0,0.5,36.18,7655.1,28.9,7540.8,32.17,0,0,106.4179,13.0062,94.1751,120.2524,83.3407,135.8853,Z,,15.569,,,,0.213,,,0.101,0.107,0.1633,0.188,0.2636,0.6561,1,1,3,2,,,,,,,,,0,0,12.835,12.269,11.835,0.052,0.076,0.074,2,,,,,,,,,,,,,43.2516,,,10.636,,,,0.187,,,0.29,F3,10.5508,,,,,-1,-1,?,?
35,UGC12894,UGC 12894,UGC 12894,,,-,-,0.09375,39.495499,1,0.43,0.43,0.0,H,2,9.9,0.4,0.0,329.5,3.4,486.1,9.84,1,0,8.4723,3.5267,5.5875,12.8464,3.685,19.479,C,,16.68,15.99,15.99,,0.477,0.15,0.15,0.468,0.0,,,,,0,0,0,0,,,,,,,,,0,0,,,,,,,0,,,,,,,,,,,,,,,,,,,,,,,,,,,,,,-1,-1,?,?
36,IC5373,IC 5373,,F23579+3230,00002880+3246563,1237663234987458698,-,0.12,32.782306,0,0.336,0.255,153.5,H,1,3.0,0.8,42.54,9803.0,31.0,9931.5,32.61,0,0,139.3158,14.6664,125.395,154.782,112.8652,171.9653,Z,,15.066,,,,0.41,,,0.213,0.18,0.0879,0.0832,0.61,0.7953,1,1,3,2,10.670744,10.527209,8.876193,7.28189,0.000444,0.001316,0.017244,0.095223,0,0,11.953,11.114,10.943,0.029,0.031,0.047,2,16.535,14.807,14.027,13.639,13.37,0.008,0.002,0.002,0.002,0.003,,,43.8499,42.7138,42.4642,11.2268,0.88,,,0.785,0.357,0.116,0.888,F3,11.1715,,,,,-1,-1,?,?
37,PGC000037,MCG +04-01-009,,,00003167+2618189,1237663305845506120,-,0.131958,26.30525,0,0.272,0.195,147.3,H,1,-3.3,3.0,57.09,7754.0,52.0,7853.7,53.14,0,0,109.7543,14.1451,96.4828,124.8514,84.8161,142.0251,Z,,17.16,,,,0.5,,,0.183,0.0,,,,,0,0,0,0,11.804883,11.786655,10.672762,7.816928,0.001779,0.006611,0.165946,0.284861,0,0,12.971,12.371,12.236,0.046,0.068,0.098,2,17.307,15.606,14.801,14.396,14.114,0.017,0.003,0.002,0.002,0.005,,,,41.788,42.043,10.5024,0.89,,,,-0.466,-0.269,-0.477,W3,10.452,,,,,-1,-1,?,?
38,UGC12893,UGC 12893,,,00002847+1713130,-,-,0.118755,17.220269,0,0.574,0.574,0.0,H,2,8.4,0.8,29.49,1106.3,2.2,1163.6,12.2,0,0,18.186,4.0719,14.5378,22.7499,11.6213,28.459,Z,,15.238,,,,0.321,,,0.149,0.089,,,,,0,0,0,0,,,,,,,,,0,0,14.771,14.257,13.452,0.102,0.174,0.223,2,,,,,,,,,,,,,,,,8.4547,,,,,,,,,8.3695,,,,,-1,-1,?,?
39,UGC12892,UGC 12892,,,00002508+0751138,1237669681187913833,-,0.104746,7.853895,0,0.453,0.387,164.0,H,1,2.0,0.3,32.9,12265.0,10.2,12277.2,16.46,0,0,168.6409,21.2598,148.6666,191.2989,131.0582,217.0011,Z,,15.656,,,,0.319,,,0.217,0.088,,,,,0,0,0,0,10.587266,10.600708,9.479231,7.598141,0.000902,0.003135,0.065725,0.241503,0,0,11.96,11.475,10.901,0.04,0.061,0.061,2,16.59,14.709,13.827,13.381,13.057,0.017,0.002,0.002,0.002,0.004,,,,42.6385,42.5036,11.4095,0.922,,,,0.291,0.153,0.279,W3,11.3743,,,,,-1,-1,?,?
40,PGC000040,CGCG 382-017,CGCG 382-017,,00003564-0145472,1237678881557577771,-,0.148556,-1.763104,0,0.413,0.288,132.5,H,1,-1.0,2.0,52.21,7279.2,8.6,7244.5,16.1,1,1,121.899,32.5592,93.3254,159.221,71.4496,207.97,N,,15.147,,,,0.336,,,0.158,0.0,,,,,0,0,0,0,10.91279,10.872093,8.312572,6.133544,0.001208,0.003882,0.021222,0.057776,0,0,12.242,11.605,11.281,0.039,0.047,0.06,2,16.211,14.6,13.851,13.48,13.22,0.011,0.002,0.002,0.002,0.003,,,,42.8232,42.8075,10.9756,,,,,0.455,0.431,0.443,W3,10.8904,,,,,-1,-1,?,?
42,PGC000042,FAIRALL 1062,,,00002691-4232515,-,-,0.112125,-42.547538,0,0.218,0.132,64.0,H,1,,,54.21,8870.7,40.4,8663.7,42.52,0,0,122.0896,16.6764,106.502,139.9586,92.9046,160.4428,Z,,16.47,,,,0.5,,,0.055,,,,,,0,0,0,0,,,,,,,,,0,0,13.029,12.407,12.162,0.04,0.045,0.078,2,,,,,,,,,,,,,,,,10.6246,,,,,,,,,10.5394,,,,,-1,-1,?,?
43,ESO293-027,ESO 293- G 027,,,00002948-4029040,-,-,0.122823,-40.484428,0,1.009,0.246,143.6,H,1,4.0,0.5,85.1,3166.5,7.5,2966.4,15.35,0,0,40.8922,7.0303,34.433,48.563,28.9941,57.6727,Z,,14.363,,,,0.22,,,0.042,0.924,,,,,0,0,0,0,,,,,,,,,0,0,12.325,11.811,11.909,0.034,0.046,0.109,2,,,,,,,,,,,,,,,,9.7757,,,,,,,,,9.6905,,,,,-1,-1,?,?
47,UGC12896,UGC 12896,,F23579+2602,00003138+2619318,1237663305845506118,-,0.130791,26.325389,0,0.344,0.29,155.5,H,1,4.3,2.2,33.38,7652.9,3.4,7752.7,11.45,0,0,108.5071,13.887,95.472,123.3219,84.0028,140.1594,Z,,14.7,,,,0.5,,,0.184,0.123,0.1342,0.166,1.014,1.852,1,2,3,2,11.084314,10.789929,6.484261,3.777916,0.00102,0.002956,0.003795,0.007023,0,0,12.671,12.011,11.864,0.042,0.058,0.081,2,15.468,14.734,14.294,14.124,13.927,0.006,0.002,0.002,0.002,0.004,44.2504,43.8993,43.8535,43.4535,43.6487,10.6413,0.755,0.84,0.796,0.789,1.015,1.2,0.84,FT,10.519,,,,,-1,-1,?,?
49,PGC000049,KUG 2357+225,,,00003344+2246424,1237679478007202028,-,0.139913,22.778353,1,0.214,0.214,0.0,H,2,,,39.58,11715.0,5.3,11798.5,12.55,0,0,162.6959,19.733,144.1126,183.6754,127.652,207.3603,Z,,17.16,,,,1.033,,,0.314,,,,,,0,0,0,0,12.215106,12.115682,8.740914,6.523028,0.003008,0.009458,0.023537,0.065266,0,0,13.842,13.151,12.812,0.088,0.121,0.141,2,17.921,16.263,15.536,15.115,14.808,0.039,0.004,0.004,0.004,0.009,,,,42.9026,42.9025,10.614,0.859,,,,0.525,0.517,0.514,W3,10.5482,,,,,-1,-1,?,?
53,UGC12895,UGC 12895,,,,1237679503782117461,-,0.160032,20.059116,0,0.31,0.229,114.4,H,1,7.6,1.1,47.79,6746.9,2.9,6817.6,12.04,0,0,98.9927,12.7584,87.0222,112.6097,76.4993,128.0999,Z,,16.5,,,,0.5,,,0.213,0.239,,,,,0,0,0,0,13.047893,13.078047,10.087312,9.239403,0.007793,0.027037,0.089621,0.825058,0,0,,,,,,,0,17.203,16.03,15.611,15.346,15.227,0.033,0.005,0.006,0.006,0.021,,,,41.9325,,,,,,,-0.337,,-0.349,W3,,,,,,-1,-1,?,?
54,UGC12897,UGC 12897,UGC 12897,,00003794+2823041,1237663233915551956,-,0.158084,28.384472,0,0.578,0.187,7.8,H,1,1.9,0.3,81.76,8833.3,41.9,8942.3,43.24,2,1,123.882,22.5013,103.316,148.545,86.2344,178.357,N,,14.822,,,,0.069,,,0.267,0.544,,,,,0,0,0,0,10.352775,10.368339,8.726876,7.802967,0.000452,0.001742,0.018131,0.161051,0,0,11.328,10.722,10.369,0.026,0.034,0.04,2,16.737,14.634,13.701,13.227,12.891,0.014,0.002,0.002,0.002,0.003,,,,42.6715,42.1537,11.3544,,,,,0.32,-0.168,0.308,W3,11.2692,,,,,-1,-1,?,?
55,UGC12898,UGC 12898,UGC 12898,,,1237663235524002225,-,0.155919,33.600949,1,0.385,0.117,11.0,H,1,5.9,0.5,75.67,4778.9,3.7,4910.8,10.67,2,1,74.9476,9.1414,67.3146,82.6961,60.6635,101.776,N,,16.5,,,,0.5,,,0.218,0.893,,,,,0,0,0,0,20.049662,16.163437,12.929499,,1.627712,0.172497,0.553655,,1,1,,,,,,,0,23.588,24.958,23.595,22.564,22.827,0.701,0.758,0.482,0.297,0.706,,,,,,,,,,,,,,,,,,,,-1,-1,?,?
57,PGC000057,2MASX J00004242+2822081,,,00004242+2822081,1237663233915617319,-,0.176705,28.368969,0,0.14,0.104,97.9,H,1,-2.0,2.0,49.34,8729.2,3.6,8838.1,11.27,0,0,124.1894,15.6751,109.4632,140.8968,96.4832,159.8518,Z,18.821,17.692,,,0.034,0.169,,,0.267,0.0,,,,,0,0,0,0,13.148854,13.16603,12.694289,10.648675,0.003334,0.013157,0.445062,1.566472,0,0,14.421,13.569,12.965,0.144,0.173,0.155,2,18.848,17.033,16.196,15.78,15.447,0.03,0.004,0.004,0.004,0.007,,,,,,10.3182,0.903,,,,,,,,10.2741,,,,,-1,-1,?,?
58,PGC000058,CGCG 498-061,,,00004401+2824051,1237663233915551957,-,0.183375,28.401417,0,0.372,0.266,87.3,H,1,1.5,1.7,47.25,8536.2,118.6,8645.2,119.08,0,0,121.8568,16.4802,106.4424,139.5034,92.9779,159.7056,Z,,15.667,,,,0.11,,,0.269,0.159,,,,,0,0,0,0,11.084607,11.09062,9.248615,8.057341,0.000954,0.003622,0.031838,0.216952,0,0,12.305,11.681,11.367,0.048,0.056,0.066,2,17.201,15.354,14.449,14.032,13.709,0.017,0.003,0.002,0.002,0.004,,,,42.4485,42.0377,10.9409,,,,,0.122,-0.274,0.11,W3,10.8557,,,,,-1,-1,?,?
60,PGC000060,2MASX J00004507+2822181,,,00004507+2822181,1237663233915617598,-,0.187791,28.371694,0,0.203,0.129,158.8,H,1,-0.2,1.4,56.35,8643.0,82.0,8751.9,82.69,0,0,123.166,16.0183,108.1456,140.2726,94.957,159.7551,Z,,17.29,,,,0.14,,,0.267,0.064,,,,,0,0,0,0,12.572618,12.568512,12.198573,9.071156,0.002731,0.010512,0.366858,0.44748,0,0,13.977,13.165,13.107,0.081,0.1,0.162,2,18.424,16.542,15.687,15.278,14.962,0.031,0.004,0.003,0.003,0.007,,,,,,10.2542,0.911,,,,,,,,10.2136,,,,,-1,-1,?,?
61,PGC000061,MCG -01-01-021,,,00004852-0534481,1237672793422692435,-,0.202098,-5.579999,0,0.278,0.185,75.8,H,1,-1.0,2.0,55.25,11075.9,21.0,11022.8,25.14,0,0,152.9587,15.7963,137.9507,169.5995,124.4152,188.0507,Z,,15.435,,,,0.354,,,0.156,0.0,,,,,0,0,0,0,11.469604,11.511605,8.50561,6.62617,0.002042,0.007296,0.021802,0.078481,0,0,12.593,11.794,11.894,0.04,0.042,0.081,2,16.612,15.273,14.555,14.18,13.928,0.013,0.003,0.002,0.002,0.004,,,,42.9432,42.8076,10.9275,0.856,,,,0.561,0.431,0.55,W3,10.86,,,,,-1,-1,?,?
62,ESO012-013,ESO 012- G 013,,,00004688-7734478,-,-,0.195586,-77.579927,0,0.503,0.102,9.0,H,1,4.4,1.9,90.0,10732.9,39.2,10456.0,40.29,0,0,145.7661,16.3701,130.2817,163.0908,116.4422,182.4747,Z,,16.484,,,,0.186,,,0.234,1.077,,,,,0,0,0,0,,,,,,,,,0,0,13.527,12.764,12.632,0.08,0.092,0.142,2,,,,,,,,,,,,,,,,10.5905,,,,,,,,,10.5053,,,,,-1,-1,?,?
63,UGC12899,UGC 12899,,,00004696+2824071,1237663233915552026,-,0.195666,28.401972,0,0.459,0.459,0.0,H,2,-4.1,1.3,29.28,8764.0,19.0,8873.0,21.8,0,0,124.6028,15.8702,109.7017,141.528,96.5827,160.7521,Z,,14.628,,,,0.124,,,0.269,0.0,,,,,0,0,0,0,10.183092,10.204053,9.608741,10.756763,0.000382,0.001472,0.040282,2.415665,0,0,11.113,10.424,10.176,0.029,0.042,0.051,2,16.327,14.342,13.436,13.009,12.692,0.009,0.002,0.002,0.002,0.002,,,,42.3238,,11.4367,,,,,0.011,,-0.001,W3,11.3515,,,,,-1,-1,?,?
65,ESO193-009,ESO 193- G 009,,,00005324-4721246,-,-,0.221834,-47.356833,0,0.646,0.135,157.0,H,1,-0.7,0.9,90.0,5903.0,60.0,5680.9,61.36,0,0,78.8823,11.3971,68.2703,91.1439,59.0859,105.3114,Z,,15.19,,,,0.2,,,0.073,0.0,,,,,0,0,0,0,,,,,,,,,0,0,11.965,11.293,10.97,0.025,0.03,0.043,2,,,,,,,,,,,,,,,,10.722,,,,,,,,,10.6368,,,,,-1,-1,?,?
68,ESO538-017,ESO 538- G 017,,,00005537-1857328,1237667225542328417,-,0.230541,-18.958956,0,0.386,0.228,27.2,H,1,2.0,2.0,57.57,7678.4,6.2,7563.3,15.43,0,0,106.6135,13.3808,94.0384,120.8703,82.9465,137.0334,Z,,15.677,,,,0.301,,,0.089,0.282,,,,,0,0,0,0,12.245572,12.129289,8.735327,7.239517,0.003366,0.010254,0.022968,0.117706,0,0,13.705,13.188,13.004,0.074,0.113,0.139,2,16.844,15.32,14.864,14.678,14.43,0.022,0.003,0.003,0.004,0.01,,,,42.5377,42.2487,10.17,,,,,0.201,-0.081,0.189,W3,10.0848,,,,,-1,-1,?,?
70,UGC12900,UGC 12900,UGC 12900,,00005604+2020165,1237680246814474422,-,0.233261,20.338153,0,0.891,0.127,110.2,H,1,5.8,0.5,90.0,6803.5,1.6,6875.3,11.77,2,1,116.541,13.3425,105.377,129.329,90.389,144.718,N,,15.653,,,,0.287,,,0.337,1.413,,,,,0,0,0,0,10.632109,10.55221,7.604276,5.986051,0.000993,0.003117,0.010821,0.049912,0,0,12.407,11.662,11.151,0.046,0.062,0.061,2,17.221,15.654,14.774,14.266,13.912,0.031,0.004,0.004,0.003,0.008,,,,43.0675,42.8274,10.9886,,,,,0.672,0.449,0.66,W3,10.9034,,,,,-1,-1,?,?
73,ESO349-017,ESO 349- G 017,ESO 349- G 017,,00005858-3336429,-,-,0.244018,-33.611912,0,0.598,0.506,115.6,H,1,5.3,1.0,33.06,6914.9,12.7,6739.2,18.75,1,1,37.8443,22.3077,20.9894,68.2339,11.6413,123.027,N,,14.577,,,,0.23,,,0.068,0.128,,,,,0,0,0,0,,,,,,,,,0,0,12.068,11.35,11.061,0.062,0.073,0.099,2,,,,,,,,,,,,,,,,10.0476,,,,,,,,,9.9624,,,,,-1,-1,?,?
74,PGC000074,KUG 2358+330,,F23583+3303,00005819+3320385,1237663235524067576,-,0.242458,33.344028,0,0.207,0.207,0.0,H,2,4.8,3.0,11.6,12950.9,4.6,13081.5,11.05,0,0,180.6659,16.9527,164.4843,198.4394,149.752,217.9614,Z,,15.92,15.9,15.9,,0.5,0.1,0.1,0.209,0.015,0.1004,0.0997,0.2058,0.594,1,1,3,1,12.596119,12.376015,8.445293,6.409122,0.003777,0.010127,0.014093,0.048278,0,0,14.362,13.733,13.587,0.106,0.128,0.224,2,16.457,15.686,15.423,15.202,15.056,0.01,0.003,0.003,0.004,0.009,,,43.6038,43.1119,43.039,10.395,0.696,,,0.539,0.711,0.642,0.642,F3,10.2378,,,,,-1,-1,?,?
75,ESO241-010,ESO 241- G 010,,,00010289-4319496,-,-,0.262041,-43.330444,0,0.743,0.629,174.6,H,1,-3.8,0.7,41.33,11572.0,32.0,11362.2,34.61,0,0,157.3507,16.6692,141.5341,174.9349,127.3073,194.4841,Z,,14.128,,,,0.198,,,0.043,0.0,,,,,0,0,0,0,,,,,,,,,0,0,10.91,10.21,9.916,0.026,0.027,0.041,2,,,,,,,,,,,,,,,,11.7433,,,,,,,,,11.6581,,,,,-1,-1,?,?
76,UGC12901,UGC 12901,UGC 12901,,00005891+2854421,1237663306918134035,-,0.245459,28.911694,0,0.628,0.251,45.0,H,1,3.0,0.4,71.55,6895.5,4.8,7006.7,11.65,4,1,96.0605,13.2533,85.6248,108.213,68.7156,124.951,N,,14.731,,,,0.322,,,0.213,0.56,,,,,0,0,0,0,10.471609,10.459994,8.203468,6.649036,0.000699,0.002561,0.014745,0.072332,0,0,11.558,11.114,10.835,0.029,0.048,0.059,2,16.293,14.472,13.646,13.225,12.875,0.013,0.002,0.002,0.002,0.003,,,,42.66,42.3944,10.9471,0.899,,,,0.31,0.053,0.298,W3,10.9008,,,,,-1,-1,?,?
77,PGC000077,UGC 12904 NOTES02,,,00010367+3439104,1237666184037400940,-,0.265311,34.653035,1,0.42,0.42,0.0,H,2,2.0,2.0,12.11,12685.0,39.0,12821.2,40.23,0,0,176.8471,17.4058,160.2704,195.1383,145.2476,215.3213,Z,,15.637,,,,0.41,,,0.317,0.012,,,,,0,0,0,0,10.69702,10.689984,9.367301,7.487357,0.00081,0.002687,0.042822,0.16502,0,0,12.113,11.226,11.068,0.039,0.038,0.064,2,17.165,15.077,14.099,13.628,13.264,0.018,0.002,0.002,0.002,0.003,,,,42.7245,42.5892,11.384,0.963,,,,0.367,0.231,0.355,W3,11.3677,,,,,-1,-1,?,?
79,IC5374,IC 5374,,F23585+0413,00010444+0430001,1237678776867618836,-,0.2685,4.500028,0,0.336,0.287,15.9,H,1,4.9,1.9,32.3,8954.5,5.5,8949.9,14.3,0,0,125.5248,15.9045,110.5866,142.4809,97.4261,161.7274,Z,,15.366,,,,0.41,,,0.128,0.119,0.1089,0.1563,0.3404,1.059,1,1,3,2,11.468354,11.354306,7.670418,6.027103,0.00169,0.005059,0.009077,0.040358,0,0,12.769,12.125,11.822,0.05,0.069,0.087,2,17.124,15.123,14.506,14.151,13.925,0.019,0.003,0.003,0.003,0.005,,,43.506,43.1055,42.8755,10.7847,,,,0.441,0.706,0.493,0.545,F3,10.6995,,,,,-1,-1,?,?
80,IC5375,IC 5375,,,00010478+0432261,1237678776867618922,-,0.269865,4.540584,0,0.452,0.254,1.0,H,1,2.2,2.0,59.62,9223.1,11.7,9218.7,17.63,0,0,129.0083,15.0562,114.7975,144.9783,102.1521,162.9252,Z,,15.227,,,,0.41,,,0.13,0.317,,,,,0,0,0,0,10.679506,10.689493,8.590428,7.015315,0.000808,0.002751,0.021576,0.106682,0,0,11.945,11.292,11.04,0.026,0.036,0.047,2,16.393,14.623,13.824,13.377,13.068,0.01,0.002,0.002,0.002,0.003,,,,42.7613,42.504,11.1212,0.888,,,,0.4,0.153,0.388,W3,11.0696,,,,,-1,-1,?,?
81,NGC7802,NGC 7802,,,00010043+0614312,1237669516368216096,-,0.251518,6.241955,0,0.592,0.4,52.5,H,1,-2.0,0.4,56.73,5324.0,23.0,5328.0,26.45,0,0,73.3262,10.5055,63.5386,84.6215,55.0575,97.6567,Z,,14.636,,,,0.321,,,0.235,0.0,,,,,0,0,0,0,9.775358,9.807765,8.852521,7.242139,0.000331,0.001148,0.028653,0.143683,0,0,10.967,10.232,9.96,0.023,0.026,0.032,2,15.998,13.972,13.072,12.616,12.305,0.007,0.002,0.002,0.002,0.002,,,,42.1658,41.9226,11.0625,,,,,-0.13,-0.379,-0.141,W3,10.9773,,,,,-1,-1,?,?
82,ESO149-011A,,,,00010597-5359303,-,-,0.274861,-53.991803,0,0.556,0.389,176.0,H,1,-1.3,1.7,52.39,9419.7,21.4,9179.5,24.64,0,0,128.471,15.2091,114.1276,144.6169,101.3857,162.7921,Z,,14.76,,,,0.5,,,0.06,0.0,,,,,0,0,0,0,,,,,,,,,0,0,11.485,10.811,10.479,0.026,0.034,0.041,2,,,,,,,,,,,,,,,,11.342,,,,,,,,,11.2568,,,,,-1,-1,?,?
83,PGC000083,KUG 2358+320A,,,,-,-,0.27825,32.378833,0,0.29,0.098,40.0,H,1,7.5,3.0,90.0,542.0,4.9,668.4,11.29,0,0,10.5596,4.0294,7.2099,15.4657,4.9227,22.6512,Z,,18.143,,,,0.559,,,0.225,0.849,,,,,0,0,0,0,,,,,,,,,0,0,,,,,,,0,,,,,,,,,,,,,,,,,,,,,,,,,,,,,,-1,-1,?,?
89,PGC000089,KUG 2358+128A,,,00011339+1308386,1237678860082348071,-,0.305791,13.144056,0,0.373,0.15,66.7,H,1,4.9,2.1,69.35,5461.0,38.0,5498.3,39.98,0,0,75.8682,10.9625,65.6609,87.6623,56.8269,101.2899,Z,,15.879,,,,0.06,,,0.353,0.662,,,,,0,0,0,0,11.871863,11.769594,8.699586,6.497366,0.002873,0.008965,0.030133,0.079507,0,0,13.389,12.614,12.443,0.072,0.092,0.116,2,16.429,15.253,14.686,14.398,14.176,0.015,0.003,0.003,0.004,0.008,,,,42.2565,42.2501,10.0989,0.799,,,,-0.049,-0.079,-0.061,W3,10.0016,,,,,-1,-1,?,?
90,ESO241-011,ESO 241- G 011,,,00011378-4400426,-,-,0.30743,-44.011843,0,0.552,0.237,106.5,H,1,2.7,1.5,69.62,11681.4,39.3,11469.4,41.44,0,0,158.7045,17.028,142.5582,176.6796,128.0545,196.6905,Z,,15.126,,,,0.205,,,0.051,0.496,,,,,0,0,0,0,,,,,,,,,0,0,12.12,11.461,11.163,0.031,0.039,0.057,2,,,,,,,,,,,,,,,,11.252,,,,,,,,,11.1668,,,,,-1,-1,?,?
91,UGC12904,UGC 12904,,F23586+3424,00011417+3440326,1237666184037400728,-,0.309042,34.675722,0,0.512,0.344,34.4,H,1,2.0,0.3,50.6,12953.0,35.0,13089.2,36.37,0,0,180.7678,17.0764,164.4731,198.6768,149.6473,218.3601,Z,,15.347,,,,0.32,,,0.313,0.217,0.0702,0.0925,0.3931,1.018,1,1,3,2,10.476558,10.43565,8.471064,7.104971,0.000783,0.002468,0.021779,0.130599,0,0,11.907,11.134,10.807,0.039,0.045,0.061,2,16.606,14.682,13.733,13.285,12.92,0.015,0.002,0.002,0.002,0.003,,,43.8853,43.1021,42.7612,11.5074,0.951,,,0.821,0.703,0.388,0.924,F3,11.4854,,,,,-1,-1,?,?
92,PGC000092,MCG +02-01-010,,,00011497+1306446,-,-,0.31238,13.112499,0,0.256,0.094,47.5,H,1,5.5,2.5,71.37,5383.7,28.5,5420.8,31.1,0,0,74.6842,10.4991,64.8896,85.9571,56.3796,98.9315,Z,,16.741,,,,0.14,,,0.349,0.747,,,,,0,0,0,0,,,,,,,,,0,0,14.851,14.381,14.14,0.133,0.0,0.264,2,,,,,,,,,,,,,,,,9.4065,,,,,,,,,9.3213,,,,,-1,-1,?,?
94,UGC12905,UGC 12905,UGC 12905,,,-,-,0.510835,80.641966,1,0.539,0.065,53.5,H,1,6.1,0.4,90.0,4098.1,5.3,4367.7,8.75,1,1,67.6083,16.8128,52.723,86.6962,41.115,111.173,N,,16.5,,,,0.5,,,0.819,1.548,,,,,0,0,0,0,,,,,,,,,0,0,,,,,,,0,,,,,,,,,,,,,,,,,,,,,,,,,,,,,,-1,-1,?,?
95,PGC000095,MCG +06-01-006,,,00011570+3658099,-,-,0.315417,36.969417,0,0.265,0.233,22.1,H,1,,,29.14,12218.0,37.0,12363.8,38.22,0,0,169.8475,20.7434,150.3207,191.9107,133.0389,216.84,Z,,15.98,,,,0.5,,,0.489,,,,,,0,0,0,0,,,,,,,,,0,0,12.483,11.823,11.379,0.04,0.051,0.062,2,,,,,,,,,,,,,,,,11.2245,,,,,,,,,11.1393,,,,,-1,-1,?,?
99,ESO149-012,ESO 149- G 012,,F23587-5317,00011748-5300348,-,-,0.322797,-53.009649,0,0.674,0.131,43.7,H,1,3.0,0.5,90.0,9724.4,39.3,9486.6,41.19,0,0,132.8531,16.1203,117.6725,149.9922,104.2265,169.3423,Z,,16.037,,,,0.203,,,0.085,0.926,0.0934,0.131,0.2214,1.649,1,1,3,1,,,,,,,,,0,0,12.641,11.977,11.465,0.043,0.059,0.058,2,,,,,,,,,,,,,43.3685,,,10.9767,,,,0.304,,,0.407,F3,10.8916,,,,,-1,-1,?,?
100,ESO409-001,ESO 409- G 001,,,00011907-2725116,-,-,0.329459,-27.419889,0,0.53,0.322,103.1,H,1,-2.9,0.6,69.4,7840.0,38.0,7688.5,40.5,0,0,107.8074,14.3923,94.3344,123.2045,82.5452,140.8007,Z,,15.125,,,,0.34,,,0.062,0.0,,,,,0,0,0,0,,,,,,,,,0,0,11.934,11.238,11.044,0.031,0.045,0.053,2,,,,,,,,,,,,,,,,10.9637,,,,,,,,,10.8785,,,,,-1,-1,?,?
101,NGC7803,NGC 7803,,F23587+1249,00011996+1306406,1237678860082348107,-,0.333167,13.111278,0,0.431,0.254,80.2,H,1,0.1,1.0,60.36,5328.8,16.0,5365.9,20.27,0,0,73.8718,10.4288,64.1457,85.0727,55.7001,97.9719,Z,,14.073,,,,0.092,,,0.349,0.1,0.1351,0.2253,2.023,4.107,2,2,3,2,9.509764,9.410776,6.2625,3.938586,0.000256,0.000818,0.002521,0.006241,0,0,10.881,10.179,9.837,0.019,0.024,0.026,2,15.175,13.667,12.889,12.47,12.187,0.005,0.002,0.002,0.002,0.002,44.1983,43.885,43.8195,43.2082,43.2504,11.1182,0.88,0.788,0.781,0.755,0.797,0.836,0.788,FT,11.0624,,,,,-1,-1,?,?
102,IC5376,IC 5376,IC 5376,,00011976+3431326,1237666184037400587,-,0.332334,34.525722,0,0.82,0.221,4.0,H,1,2.0,0.3,90.0,5029.2,3.1,5164.7,10.37,2,1,69.0696,12.5009,57.6409,82.7645,48.0953,99.2229,N,,14.61,,,,0.326,,,0.31,0.629,,,,,0,0,0,0,9.987173,9.981069,7.812993,6.49789,0.000409,0.001314,0.010579,0.068889,0,0,11.447,10.746,10.43,0.023,0.028,0.037,2,16.303,14.443,13.495,13.001,12.61,0.009,0.002,0.002,0.002,0.002,,,,42.5296,42.1683,10.8226,0.95,,,,0.194,-0.154,0.182,W3,10.8003,,,,,-1,-1,?,?
106,ESO538-018,ESO 538- G 018,,F23588-1733,00012328-1716403,-,-,0.346967,-17.277782,0,0.558,0.097,79.1,H,1,5.4,1.2,90.0,8966.2,39.3,8858.3,41.76,0,0,124.4282,15.6678,109.7067,141.1252,96.727,160.0627,Z,,17.562,,,,0.413,,,0.112,1.258,0.0814,0.2366,0.2098,0.8125,1,1,3,1,,,,,,,,,0,0,13.952,13.094,12.857,0.077,0.085,0.129,2,,,,,,,,,,,,,43.2882,,,10.363,,,,0.224,,,0.327,F3,10.2778,,,,,-1,-1,?,?
108,PGC000108,MRK 0934,,,00012606+1306466,1237678860082413581,-,0.358467,13.112885,1,0.313,0.217,148.5,H,1,9.0,2.0,52.32,5254.6,25.5,5291.6,28.37,0,0,72.8176,10.4286,63.1014,84.03,54.6816,96.9687,Z,,15.286,,,,0.081,,,0.35,0.293,,,,,0,0,0,0,11.610365,11.555378,8.290607,7.421953,0.001965,0.006314,0.016757,0.154853,0,0,13.113,12.415,12.238,0.058,0.078,0.097,2,16.121,15.102,14.609,14.347,14.153,0.01,0.004,0.003,0.004,0.011,,,,42.3845,41.8446,10.1453,,,,,0.065,-0.45,0.053,W3,10.0601,,,,,-1,-1,?,?
109,NGC7805,NGC 7805,,,00012677+3126016,1237663234988048479,-,0.361545,31.43375,0,0.708,0.347,47.0,H,1,-1.9,1.0,81.28,4831.2,34.2,4953.3,35.72,0,0,68.8057,9.698,59.7602,79.2205,51.9038,91.2116,Z,14.668,14.198,13.288,13.288,0.093,0.093,0.093,0.093,0.229,0.0,,,,,0,0,0,0,9.970572,10.002374,9.3853,8.273403,0.00031,0.001075,0.033868,0.274903,0,0,11.161,10.4,10.134,0.023,0.022,0.03,2,16.048,14.106,13.164,12.731,12.414,0.007,0.002,0.002,0.002,0.002,,,,41.8974,41.4548,10.9376,0.947,,,,-0.368,-0.807,-0.38,W3,10.9142,,,,,-1,-1,?,?
110,UGC12910,UGC 12910,,,,1237678777941426224,-,0.367515,5.388895,1,0.456,0.456,0.0,H,2,9.0,0.5,0.0,3947.5,4.2,3947.0,13.79,0,0,56.1437,8.8395,47.9649,65.717,40.9776,76.9227,Z,,17.0,,,,0.5,,,0.193,0.0,,,,,0,0,0,0,16.846178,16.167217,,9.869849,0.089227,0.174555,,0.90529,1,1,,,,,,,0,21.896,20.919,20.299,20.017,22.827,0.26,0.047,0.043,0.05,1.421,,,,,,,0.819,,,,,,,,,,,,,-1,-1,?,?
112,NGC7806,NGC 7806,NGC 7806,,00013005+3126306,1237663234988048481,-,0.37547,31.441915,0,0.605,0.327,20.1,H,1,4.1,0.4,59.75,4767.1,2.5,4889.2,10.6,1,1,64.2688,11.8387,53.4564,77.2681,44.4631,92.8966,N,,14.286,,,,0.099,,,0.231,0.43,,,,,0,0,0,0,10.052388,9.988648,7.813429,6.447208,0.000371,0.001155,0.008462,0.052972,0,0,11.303,10.634,10.345,0.024,0.032,0.036,2,16.158,14.293,13.346,12.895,12.576,0.008,0.002,0.002,0.002,0.002,,,,42.4669,42.126,10.794,0.95,,,,0.138,-0.193,0.126,W3,10.7716,,,,,-1,-1,?,?
113,PGC000113,QP 088,,,00013279-3345318,-,-,0.38667,-33.758828,0,0.261,0.185,145.2,H,1,-1.0,2.0,51.15,6898.5,33.6,6721.9,36.32,0,0,97.5687,13.5679,84.902,112.1253,73.8796,128.8536,Z,,16.25,,,,0.5,,,0.057,0.0,,,,,0,0,0,0,,,,,,,,,0,0,13.493,12.923,12.437,0.067,0.103,0.105,2,,,,,,,,,,,,,,,,10.3198,,,,,,,,,10.2346,,,,,-1,-1,?,?
116,UGC12912,UGC 12912,,,00013359+0900445,1237679317478867047,-,0.38994,9.012506,0,0.339,0.295,118.5,H,1,4.0,2.0,30.39,9251.3,2.7,9268.4,13.11,0,0,129.7007,15.4512,115.1344,146.1098,102.204,164.595,Z,,15.579,,,,0.318,,,0.311,0.099,,,,,0,0,0,0,10.742509,10.680648,8.533178,7.233855,0.000839,0.002725,0.022626,0.144514,0,0,12.17,11.508,11.103,0.036,0.047,0.055,2,16.754,14.888,14.013,13.576,13.24,0.012,0.002,0.002,0.002,0.003,,,,42.7889,42.4213,11.1007,0.919,,,,0.424,0.077,0.412,W3,11.0641,,,,,-1,-1,?,?
117,IC1526,IC 1526,,F23589+1104,00013148+1120465,1237678918057328780,-,0.381103,11.346098,1,0.369,0.253,135.5,H,1,6.0,2.0,47.56,9120.5,5.3,9148.9,13.68,0,0,128.0588,15.1117,113.8047,144.0982,101.1372,162.1465,Z,,15.072,,,,0.318,,,0.313,0.288,0.1206,0.2459,0.8095,1.733,1,1,3,2,10.518921,10.355528,6.57504,5.164402,0.000826,0.002377,0.003731,0.020214,0,0,12.104,11.463,11.171,0.039,0.052,0.067,2,16.009,14.769,14.095,13.721,13.435,0.01,0.002,0.002,0.002,0.004,,,43.8996,43.5611,43.238,11.0624,0.839,,,0.835,1.111,0.824,0.938,F3,10.9862,,,,,-1,-1,?,?
118,PGC000118,CGCG 433-016,,,,1237656495650701475,844578349501147136,0.391547,15.081597,0,0.352,0.153,8.5,H,1,5.9,2.1,66.17,6356.8,4.5,6403.2,13.04,0,0,92.3483,14.1392,79.2383,107.6274,67.9894,125.4344,Z,16.538,15.687,,,0.035,0.319,,,0.201,0.629,,,,,0,0,0,0,14.271675,14.018667,10.292867,7.642476,0.008555,0.025108,0.055704,0.124613,0,0,,,,,,,0,16.366,15.352,14.901,14.654,14.444,0.019,0.004,0.004,0.005,0.015,,,,,,,,,,,,,,,,-0.307,9.854,33.9,8.5143,0,0,?,N
119,PGC000119,KUG 2359+332,,F23590+3316,00013610+3333466,1237663235524001971,-,0.400416,33.562944,0,0.24,0.179,12.0,H,1,,,42.68,7458.9,11.5,7590.1,15.26,0,0,106.8535,13.4654,94.2021,121.2041,83.0485,137.4821,Z,,15.01,,,,0.41,,,0.242,,0.1001,0.0749,0.4999,1.078,1,1,3,2,11.901745,11.689101,7.599031,5.908886,0.001674,0.004417,0.006246,0.030314,0,0,13.481,12.49,12.422,0.072,0.072,0.114,2,16.667,15.521,15.053,14.812,14.6,0.009,0.003,0.002,0.003,0.005,,,43.533,42.9942,42.7829,10.4048,0.764,,,0.468,0.607,0.408,0.572,F3,10.288,,,,,-1,-1,?,?
120,UGC12914,UGC 12914,UGC 12914,F23591+2312,00013830+2329011,1237680299428806739,-,0.409659,23.483594,0,0.933,0.566,159.7,H,1,5.3,1.5,54.2,4348.8,10.1,4434.9,15.16,2,1,53.7919,7.4771,47.5442,60.5187,42.7635,77.0405,N,,13.229,,,,0.343,,,0.481,0.375,0.3442,0.636,6.128,14.01,3,2,3,2,9.341286,9.360234,7.023127,5.051458,0.000262,0.000955,0.006568,0.022432,0,0,10.424,9.656,9.369,0.019,0.021,0.024,2,16.403,14.372,13.187,12.548,12.079,0.014,0.002,0.002,0.002,0.002,44.4403,44.1142,44.0253,42.6284,42.5298,11.0298,,1.03,1.01,0.961,0.282,0.176,1.03,FT,10.9446,,,,,-1,-1,?,?
121,PGC000121,CGCG 477-039,,F23590+2638,00013841+2655230,1237663306382115081,-,0.410042,26.923056,0,0.259,0.132,39.3,H,1,,,61.17,7679.0,10.3,7780.8,14.98,0,0,108.8364,13.9912,95.7072,123.7667,84.1618,140.7451,Z,,15.6,,,,0.41,,,0.199,,0.1062,0.1718,0.4965,0.7927,1,1,3,2,11.573602,11.385358,7.658133,5.376403,0.001099,0.003605,0.005193,0.014327,0,0,12.959,11.988,12.099,0.059,0.057,0.1,2,17.258,15.629,14.91,14.544,14.219,0.015,0.003,0.003,0.003,0.004,,,43.546,42.9865,43.0119,10.5499,0.856,,,0.481,0.6,0.618,0.585,F3,10.4826,,,,,-1,-1,?,?
122,PGC000122,MCG -07-01-007,,,00013109-4049101,-,-,0.37959,-40.819733,0,0.441,0.291,143.0,H,1,5.2,2.1,50.03,6948.9,39.2,6747.1,41.42,0,0,97.949,13.4108,85.4157,112.3212,74.4862,128.8024,Z,,15.34,,,,0.5,,,0.048,0.311,,,,,0,0,0,0,,,,,,,,,0,0,13.694,12.96,13.135,0.069,0.078,0.206,2,,,,,,,,,,,,,,,,10.044,,,,,,,,,9.9588,,,,,-1,-1,?,?
123,PGC000123,MCG -03-01-014,MCG -03-01-014,,00013605-1444548,-,-,0.400209,-14.748611,0,0.475,0.475,0.0,H,2,5.0,2.0,20.75,11400.0,21.3,11303.4,25.54,1,1,164.437,38.6203,130.017,207.97,102.802,263.027,N,,15.56,,,,0.439,,,0.144,0.048,,,,,0,0,0,0,,,,,,,,,0,0,11.915,11.256,10.908,0.042,0.053,0.074,2,,,,,,,,,,,,,,,,11.3848,,,,,,,,,11.2996,,,,,-1,-1,?,?
124,UGC12913,UGC 12913,UGC 12913,,00013669+0330201,1237678620102361226,-,0.402852,3.505577,0,0.575,0.083,4.3,H,1,5.8,0.5,90.0,6341.1,4.5,6331.3,14.02,2,1,81.9132,9.3234,73.9464,90.6042,65.5026,103.981,N,,16.0,,,,0.5,,,0.1,1.404,,,,,0,0,0,0,12.340018,12.311432,9.315403,7.786042,0.004505,0.014736,0.052429,0.255355,0,0,13.792,13.192,12.485,0.104,0.146,0.134,2,17.294,15.928,15.319,14.998,14.812,0.028,0.005,0.006,0.005,0.011,,,,42.0768,41.8012,10.1487,0.815,,,,-0.209,-0.49,-0.221,W3,10.0597,,,,,-1,-1,?,?
127,PGC000127,CGCG 534-005,,,00014167+4500199,-,-,0.423626,45.005528,0,0.426,0.308,156.5,H,1,-3.0,2.0,54.73,12817.0,55.0,12994.4,55.66,0,0,179.4564,16.6717,163.5357,196.927,149.0274,216.0985,Z,,15.635,,,,0.41,,,0.392,0.0,,,,,0,0,0,0,,,,,,,,,0,0,11.625,10.8,10.555,0.036,0.045,0.05,2,,,,,,,,,,,,,,,,11.6019,,,,,,,,,11.5167,,,,,-1,-1,?,?
128,PGC000128,KUG 2359+318,,,00014154+3206279,1237680310692479300,-,0.423084,32.10775,0,0.209,0.131,160.0,H,1,7.5,3.0,59.31,12559.7,3.9,12684.6,10.94,0,0,174.7016,18.3669,157.2672,194.0687,141.5727,215.5828,Z,,17.24,,,,0.38,,,0.225,0.373,,,,,0,0,0,0,13.217343,13.160739,9.583014,7.309833,0.005888,0.01852,0.038053,0.105275,0,0,14.787,14.166,13.867,0.122,0.164,0.222,2,17.794,16.555,16.1,15.823,15.658,0.034,0.005,0.006,0.008,0.022,,,,42.6276,42.6496,10.2538,,,,,0.281,0.286,0.269,W3,10.1686,,,,,-1,-1,?,?
129,UGC12915,UGC 12915,UGC 12915,,00014193+2329452,1237679479081074836,-,0.42469,23.495816,0,0.706,0.246,135.7,H,1,4.8,1.4,73.39,4373.9,5.4,4460.0,12.52,1,1,59.7035,10.9978,49.6592,71.7794,41.3048,86.2979,N,,13.948,,,,0.223,,,0.481,0.755,,,,,0,0,0,0,11.006636,10.894765,7.077863,4.795215,0.000413,0.001463,0.003289,0.010268,1,1,11.153,10.219,9.969,0.019,0.021,0.025,2,20.865,18.927,17.47,16.753,16.132,0.142,0.012,0.006,0.005,0.008,,,,42.6971,42.7228,10.8804,,,,,0.343,0.353,0.331,W3,10.7952,,,,,-1,-1,?,?
130,ESO409-002,ESO 409- G 002,,,00014401-3025082,-,-,0.433375,-30.418944,0,0.367,0.311,150.4,H,1,-2.1,1.3,37.32,8645.6,25.7,8481.8,29.23,0,0,119.6473,16.8143,103.961,137.7005,90.3312,158.4776,Z,,15.275,,,,0.181,,,0.056,0.0,,,,,0,0,0,0,,,,,,,,,0,0,12.485,11.803,11.459,0.047,0.062,0.076,2,,,,,,,,,,,,,,,,10.8882,,,,,,,,,10.803,,,,,-1,-1,?,?
134,PGC000134,MRK 0935,,F23592+1249,00014524+1306020,1237678860082413670,-,0.438551,13.10058,0,0.197,0.166,141.0,H,1,,,33.02,5599.6,42.9,5636.4,44.67,0,0,78.1156,11.527,67.3987,90.5365,58.1521,104.9325,Z,,15.76,,,,0.5,,,0.35,,0.1309,0.1988,0.2962,1.145,1,1,3,1,11.867805,11.719517,8.056506,5.964272,0.001631,0.004848,0.010269,0.033097,0,0,13.212,12.428,12.232,0.054,0.068,0.084,2,16.109,15.176,14.615,14.35,14.109,0.009,0.003,0.003,0.003,0.006,,,43.0336,42.5391,42.4887,10.2087,,,,-0.031,0.202,0.139,0.072,F3,10.1235,,,,,-1,-1,?,?
137,PGC000137,2MASX J00015254-5028364,,,00015254-5028364,-,-,0.468917,-50.476778,0,0.308,0.267,107.7,H,1,1.2,1.8,31.62,11014.8,25.6,10783.4,28.52,0,0,149.8361,15.8761,134.7722,166.5839,121.2227,185.2036,Z,,15.63,,,,0.5,,,0.053,0.064,,,,,0,0,0,0,,,,,,,,,0,0,13.282,12.395,12.12,0.089,0.096,0.124,2,,,,,,,,,,,,,,,,10.8192,,,,,,,,,10.734,,,,,-1,-1,?,?
140,ESO409-003,ESO 409- G 003,,F23593-2754,00015583-2737382,-,-,0.482534,-27.62722,0,0.682,0.582,31.9,H,1,2.4,1.7,32.82,8501.3,20.5,8348.6,24.83,0,0,117.6159,15.8511,102.7865,134.5848,89.8268,154.0018,Z,14.759,14.569,13.629,13.629,0.362,0.362,0.362,0.362,0.087,0.096,0.1363,0.1297,0.4885,1.292,1,1,3,2,,,,,,,,,0,0,11.198,10.483,10.166,0.029,0.037,0.041,2,,,,,,,,,,,,,43.6064,,,11.3905,,,,0.542,,,0.645,F3,11.3053,,,,,-1,-1,?,?
143,PGC000143,WLM,WLM,,UGCA444,-,-,0.492408,-15.460897,0,5.224,1.774,5.0,H,1,9.9,0.3,90.0,-111.2,15.5,-211.3,20.96,27,1,0.9758,0.0509,0.9304,1.0332,0.8849,1.0872,N,,11.042,10.759,10.759,,0.087,0.21,0.21,0.163,0.868,,,,,0,0,0,0,,,,,,,,,0,0,16.177,15.659,15.26,0.21,0.315,0.415,1,,,,,,,,,,,,,,,,5.1908,,,,,,,,,,,,,,-1,-1,?,?
145,ESO409-004,ESO 409- G 004,ESO 409- G 004,,00015721-2759582,-,-,0.488471,-27.999442,0,0.607,0.212,53.9,H,1,3.5,1.5,74.97,9720.4,30.7,9566.2,33.74,2,1,132.871,14.4821,119.909,147.449,104.952,163.878,N,,15.14,,,,0.269,,,0.076,0.678,,,,,0,0,0,0,,,,,,,,,0,0,12.561,11.683,12.019,0.059,0.067,0.135,2,,,,,,,,,,,,,,,,10.7553,,,,,,,,,10.6701,,,,,-1,-1,?,?
146,UGC12916,UGC 12916,,,,1237679456535969818,-,0.513096,17.573914,1,0.41,0.285,170.0,H,1,7.6,1.1,52.26,6351.5,4.5,6409.5,12.8,0,0,92.4625,14.1445,79.3467,107.7462,68.0915,125.5563,Z,,16.5,,,,0.5,,,0.121,0.288,,,,,0,0,0,0,12.70043,12.748891,9.827788,9.373884,0.007009,0.024396,0.084784,1.064338,0,0,,,,,,,0,17.392,15.963,15.43,15.128,15.022,0.04,0.005,0.005,0.005,0.017,,,,41.9771,,,0.787,,,,-0.297,,-0.309,W3,,,,,,-1,-1,?,?
147,PGC000147,CGCG 456-016,,,00015787+2137162,1237680297281323135,-,0.491237,21.621117,0,0.288,0.256,127.5,H,1,,,27.45,6704.0,44.0,6781.2,45.48,0,0,98.4577,13.2108,86.0949,112.5958,75.2844,128.7641,Z,,15.782,,,,0.577,,,0.223,,,,,,0,0,0,0,11.1902,11.22259,10.386263,9.303575,0.001067,0.003861,0.108327,0.852421,0,0,12.416,11.72,11.446,0.043,0.055,0.064,2,16.896,15.066,14.236,13.84,13.516,0.015,0.002,0.002,0.002,0.004,,,,41.8082,,10.7241,0.901,,,,-0.448,,-0.459,W3,10.6786,,,,,-1,-1,?,?
148,UGC12917,UGC 12917,,,00015230+4020109,-,-,0.467868,40.336401,0,0.392,0.29,97.2,H,1,3.0,0.4,43.91,13570.7,27.8,13729.9,29.26,0,0,186.3047,19.6593,167.6471,207.0387,150.858,230.0802,Z,,16.27,,,,0.445,,,0.497,0.193,,,,,0,0,0,0,,,,,,,,,0,0,12.321,11.617,11.316,0.045,0.063,0.076,2,,,,,,,,,,,,,,,,11.33,,,,,,,,,11.2449,,,,,-1,-1,?,?
149,PGC000149,CGCG 517-014,,F23594+3622,00015849+3638570,-,-,0.493709,36.649167,0,0.348,0.2,17.5,H,1,-0.2,0.7,62.15,9712.7,4.4,9856.8,10.58,0,0,138.2741,14.7751,124.261,153.8675,111.668,171.2194,Z,,15.293,15.4,15.4,,0.328,0.1,0.1,0.451,0.07,0.1022,0.3333,4.476,5.365,1,3,3,2,,,,,,,,,0,0,12.324,11.528,11.181,0.036,0.038,0.043,2,,,,,,,,,,,44.8432,44.688,44.709,,,11.1251,,1.433,1.584,1.644,,,1.433,FT,11.0399,,,,,-1,-1,?,?
151,ESO349-020,ESO 349- G 020,,F23594-3344,00020386-3328023,-,-,0.516197,-33.467246,0,0.469,0.282,31.5,H,1,1.3,1.0,57.31,8760.2,21.7,8584.5,25.72,0,0,121.0696,16.994,105.2144,139.3141,91.4356,160.3079,Z,,14.869,,,,0.257,,,0.056,0.224,0.1374,0.1481,0.9414,2.031,1,2,3,2,,,,,,,,,0,0,12.101,11.459,11.165,0.032,0.037,0.048,2,,,,,,,,,,,44.3608,43.9937,43.9164,,,11.0161,,0.951,0.89,0.852,,,0.951,FT,10.9309,,,,,-1,-1,?,?
152,PGC000152,MCG -05-01-025,,,00020544-3037082,-,-,0.522708,-30.618986,0,0.405,0.245,144.7,H,1,-1.0,2.0,61.25,9040.8,49.4,8876.0,51.32,0,0,124.6388,15.9215,109.6922,141.622,96.538,160.9193,Z,,15.7,,,,0.363,,,0.05,0.0,,,,,0,0,0,0,,,,,,,,,0,0,12.365,11.658,11.316,0.035,0.045,0.055,2,,,,,,,,,,,,,,,,10.9809,,,,,,,,,10.8957,,,,,-1,-1,?,?
154,PGC000154,MCG -02-01-009,,,00020630-1013067,1237652900211458098,731864662215256064,0.52639,-10.218543,0,0.445,0.127,113.9,H,1,3.0,2.0,82.62,8855.9,3.5,8780.0,14.43,0,0,123.5008,16.2184,108.3022,140.8323,94.974,160.596,Z,16.85,15.632,,,0.218,0.354,,,0.205,0.739,,,,,0,0,0,0,11.351447,11.223585,7.65819,5.969178,0.00143,0.004632,0.009883,0.043391,0,0,12.933,12.279,11.88,0.046,0.062,0.079,2,17.043,15.567,14.846,14.442,14.145,0.019,0.003,0.003,0.003,0.006,,,,43.0963,42.8846,10.7473,,,,,0.698,0.501,0.686,W3,10.6621,0.136,10.503,4.23,8.813,0,0,?,N
155,PGC000155,KUG 2359+122,,F23594+1214,00020393+1231516,1237678919668007170,-,0.516453,12.531,0,0.266,0.113,80.5,H,1,4.8,3.0,67.75,7929.9,5.4,7963.7,13.62,0,0,111.3192,14.6319,97.6081,126.9562,85.5858,144.7898,Z,,15.496,,,,0.41,,,0.389,0.62,0.1002,0.2682,0.2648,1.553,1,1,3,1,12.348681,12.17086,8.279915,6.310678,0.002285,0.006781,0.012204,0.044482,0,0,13.83,12.956,12.596,0.087,0.099,0.11,2,17.284,16.098,15.567,15.252,14.999,0.02,0.004,0.004,0.004,0.01,,,43.2926,42.7574,42.6578,10.3707,0.786,,,0.228,0.396,0.294,0.331,F3,10.2663,,,,,-1,-1,?,?
156,IC5377,IC 5377,,,,1237678600231715123,-,0.522286,16.590301,1,0.453,0.453,0.0,H,2,9.9,0.4,62.12,1050.7,2.4,1104.0,12.33,0,0,17.5403,4.0231,13.9452,22.0622,11.0869,27.7499,Z,,15.556,,,,0.319,,,0.15,0.418,,,,,0,0,0,0,,,13.48191,9.134912,,,0.933124,0.451242,0,0,,,,,,,0,22.853,21.56,21.446,21.2,21.454,0.461,0.067,0.081,0.099,0.445,,,,,,,0.651,,,,,,,,,,,,,-1,-1,?,?
160,PGC000160,AM 2359-441,,,00021051-4358398,-,-,0.543792,-43.977722,0,0.681,0.512,165.2,H,1,-3.0,0.6,51.44,11720.0,40.0,11507.6,42.1,0,0,159.1818,17.3562,142.7384,177.5196,127.9935,197.9698,Z,,14.7,15.3,15.3,,0.5,0.1,0.1,0.046,0.0,,,,,0,0,0,0,,,,,,,,,0,0,11.523,10.788,10.53,0.036,0.045,0.061,2,,,,,,,,,,,,,,,,11.5078,,,,,,,,,11.4226,,,,,-1,-1,?,?
